,Pos,Neg,Mid
0,경신,매도,책임
1,상승세,조정,랠리
2,오른,감소,유지
3,강화,전쟁,중립
4,상승,개발,산타랠리
5,계약,하락,취임
6,최고,주의,등락
7,신뢰,손실,대기
8,매수,우려,희비
9,증가,부실,보고
10,투자자,취약,채용
11,간다,달성,발표
12,돌파,급락,보고서
13,투자,사태,결과
14,우위,구조조정,임명
15,기염,아웃,취임식
16,신규,안정,보통주
17,특별,괴리,보통
18,선정,위험,보류
19,고지,공매도,책임자
20,개장,위축,경계
21,축포,안철수,꼭대기
22,급증,안정화,딜레마
23,급등,최저,관망
24,혁신,간문제,무책임
25,기회,불법,특사
26,수익률,사후,대기업
27,극찬,상장폐지,사료
28,에너지,위기,공방전
29,배당,처분,무결
30,반전,오류,팽팽
31,상향,물폭탄,결과물
32,균형성장,리스크,유지관리
33,가능성,중단,밸런스
34,출시,정지,보통신
35,돌진,파산신청,승패
36,출발,닷컴버블,유감
37,이벤트,축소,진득
38,호조,매각,대기권
39,확대,금지,연대책임
40,진입,가처분,득실
41,완성,행정처분,정보통
42,나눔,털썩,물음표
43,열풍,흑우,엎치락뒤치락
44,체결,삭제,계륵
45,주목,물의,중립성
46,폭등,약세,카더라
47,도약,하향,그닥
48,취득,적자,법정공방
49,긍정,바닥,보고타
50,도전,악재,발표회
51,쟁취,불가피,보통사람
52,웃음,부진,장보고
53,배정,불안,엄중
54,최대,불확실,유지니아
55,성장,공격,책임감
56,노력,지옥,보통주식
57,개최,장애,박빙
58,확장,영업정지,유지창
59,급상승,아웃소싱,신경계
60,합작,폭풍,유지영
61,수혜,상폐,정보통신부
62,기대,민주주의,중립지대
63,플러스,무덤,중립국
64,강세,잘못,심심이
65,지원,거지,보고르
66,극복,경보,아리송
67,추진,고통,일대기
68,출자,악화,유지수
69,부각,도시바,대기오염
70,골든,사후관리,제작발표회
71,수주,나와라,스탠바이
72,개설,설거지,유지시
73,상장폐지,사망,배합사료
74,시작,악덕,글쎄요
75,출범,아씨,중추신경계
76,안착,레버리지,보고펀드
77,우량,폭탄,교전
78,상장,긴급,평화유지군
79,유상증자,제재,일진일퇴
80,인수,위협,유지비
81,참여,부정,싸대기
82,입성,헬렌,대기차
83,이익,헬로비전,훈풍될까
84,흥행,폰지사기,만류
85,성실,구속,
86,상위,철퇴,
87,질주,욕심,
88,해제,공포,
89,선도,부담,
90,금융투자,규제,
91,발행,차단기,
92,훨훨,흑역사,
93,고도화,손해,
94,청약,분쟁,
95,보호,긴장,
96,휘파람,사임,
97,가치주,하차,
98,신설,해지,
99,신기록,비상,
100,협상,디스커버리,
101,소수주주,버블,
102,베스트,제한,
103,애니플러스,사고,
104,인증,부족,
105,진출,사기,
106,공정,헬릭스,
107,승인,제동,
108,회복,안갯속,
109,가치투자,이탈,
110,이득,훼손,
111,시너지,반대,
112,수익,굴뚝,
113,선두,메리츠화재,
114,선진,가짜,
115,개선,처벌,
116,도입,명문제약,
117,지지율,경고,
118,대박,외면,
119,개시,최악,
120,허가,패닉,
121,박차,소외,
122,기부,재개발,
123,만전,날벼락,
124,성장동력,차의과학대,
125,확보,재판,
126,상회,떡락,
127,날개,낙폭,
128,반등,못버는줄암,
129,흑자,쓰레기,
130,친환경,호구,
131,해소,거품,
132,환경,탈락,
133,우호,포기,
134,추천,팔자,
135,장밋빛,실패,
136,적극,불안감,
137,쾌감,봉쇄,
138,사랑,논란,
139,회복기,폭락,
140,정상화,낙오,
141,적격성,유출,
142,호재,삐걱,
143,협력,불발,
144,공개방송,주춤,
145,매력,한계,
146,포스코에너지,급감,
147,구원투수,위험성,
148,방긋,양극화,
149,조명,고민,
150,재개,폐지,
151,최적,한숨,
152,복구,후퇴,
153,축하,실업,
154,탈출,사퇴,
155,대세,헬리,
156,야호,종말,
157,러브콜,안함,
158,승진,고립,
159,적정,주거지,
160,합격,손상,
161,최고점,어려움,
162,진행,셧다운,
163,극적,비난,
164,한빛소프트,폐기,
165,탈환,반락,
166,우수,문제,
167,포상,폐쇄,
168,점프,하방경직성,
169,완판,향방,
170,착수,괴리율,
171,획득,못난이,
172,정상,손절,
173,특화된,패배,
174,똘똘,조정은,
175,통과,작살,
176,합병,항우울제,
177,배당금,개발부담금,
178,환경기술,소송,
179,건강,역차별,
180,정밀,횡령,
181,순이익,혐의,
182,합의,반토막,
183,비공개,비명,
184,안전,금융위기,
185,협업,극심,
186,성공,차헬,
187,창설,허위,
188,등록,피해,
189,인정,원망,
190,리뉴얼,골탕,
191,선출,괴리된,
192,불공정,게임개발,
193,공개,위반,
194,잭팟,과징금,
195,개척,몸살,
196,희망,비판,
197,인베스트먼트,인플레,
198,인기,배임,
199,파죽지세,불편,
200,협약,뒤통수,
201,성큼,부결,
202,돌입,사직,
203,땡큐,충격,
204,오픈,폭력,
205,오르비,고함,
206,오케이,스팸문자,
207,무료,비관,
208,감사,실망,
209,부상,차단,
210,껑충,절하,
211,압승하,왕따,
212,개막,갈등,
213,유니콘,한파,
214,꿈틀,시위,
215,재개발,체포,
216,주식매수청구권,혼돈,
217,특별법,벌점,
218,도움,불합리,
219,가능,반발,
220,존버,퇴색,
221,호평,혼란,
222,배당률,울상,
223,맑음,미달,
224,증익,잡음,
225,저가,꽁꽁,
226,유효,압박,
227,확대경,증발,
228,부활,마약,
229,감동,의혹,
230,존경,집단소송,
231,조달,국제사법재판소,
232,건전성,헬리오스,
233,순항,자극,
234,신재생에너지,범죄,
235,예방,음모,
236,후끈,캄캄,
237,전자인증,불가능,
238,수주량,황당,
239,만회,걱정,
240,허가증,분식회계,
241,평온,파기,
242,찬성,허탈,
243,선행,고소공포증,
244,현금화,재앙,
245,압승,폐기물,
246,아파티닙,논쟁,
247,인증서,박살,
248,참여자,약진,
249,진행중,마이너스,
250,계약서,오류로,
251,주식매수선택권,과태료,
252,무상증자,우울,
253,탄생,충돌,
254,기회비용,부당,
255,기적,공장화재,
256,선방,약화,
257,자랑,폭발사고,
258,자신감,혼선,
259,환호,개발자,
260,호황,붕괴,
261,완화,위태,
262,활짝,대피,
263,탄탄,불만,
264,만족,초상집,
265,공익,사의,
266,해결,라운지,
267,공정위,주의보,
268,활약,유혹,
269,프리미엄,바보,
270,진화,조정만,
271,황금,곤두박질,
272,파티,헬문,
273,활성화,무시,
274,유플러스,화재,
275,선진국,찌라시,
276,승리,개떡락,
277,수혜자,의심,
278,보호국,쇼크,
279,최고재,낭패,
280,낙관,부작용,
281,활발,파업,
282,다양,손상인,
283,믿음,헬드,
284,지지,사과,
285,양전기,좌절,
286,화성공장,멘붕,
287,최선,조정구,
288,완판된,헛질,
289,취득세,끝물,
290,추월,소멸,
291,지지자,노이로제,
292,투자신탁,패소,
293,자유,강등,
294,물가상승률,취소,
295,개점,빤쓰런,
296,본계약,죽음,
297,이매진,재해,
298,보상금,사회주의,
299,양호,와르르,
300,출원,혈안,
301,청산,고생,
302,불가능,쫄지마,
303,증자,개스피군,
304,보탠다,똥개,
305,발굴,노이즈,
306,직접투자,염병,
307,추카,조바심,
308,응원,좌지우지,
309,완벽,후진,
310,훈풍,분노,
311,화색,인플레이션,
312,기레기,싸움,
313,행복,하방,
314,빛낼,극성,
315,으뜸,후유증,
316,출시일,소각,
317,최선호,안정효,
318,지속가능성,긴축,
319,신규가입,동전주,
320,결성,환경보호,
321,단타,당혹,
322,특화,기각,
323,최대로,피신,
324,낙수,문제점,
325,열광,사기피해,
326,진심,유체이탈,
327,재미,외환위기,
328,계약금,부당이득,
329,인수합병,패닉바잉,
330,존버하,일촉즉발,
331,겹호재,흥국화재,
332,만끽,실업자,
333,강점,징역,
334,연구원,문화재단,
335,자부심,회계부정,
336,예방접종,우울증,
337,증진,불과,
338,디오르,시련,
339,불기둥,적신호,
340,자알,눈물,
341,투자가,삐끗,
342,탈출기,조작,
343,방어전,유죄,
344,골든디스크,누출사고,
345,런칭,치명상,
346,방어,징계,
347,오르락내리락,후회,
348,양적완화,뭣들하,
349,선봬,눈살,
350,보상,장난감,
351,존중,백년전쟁,
352,환경부,분위기,
353,이상무,완패,
354,경제성장률,핏빗,
355,홈플러스,삭감,
356,환경보호,침체,
357,역전,손해배상,
358,환골탈태,시기상조,
359,사용승인,실수,
360,쾌거,징역형,
361,부당이득,아슬아슬,
362,수익금,실형,
363,완만,법정구속,
364,당첨,차질,
365,행운,집행정지,
366,불어,심각,
367,체질개선,우주개발,
368,유리,침해,
369,참좋은여행,자본주의,
370,조달청,이부진,
371,화상회의,눈덩이,
372,특급,추락,
373,이상승,물량뺏기,
374,승소,감옥,
375,공개매수,정반대,
376,해외진출,파괴,
377,차익거래,쌍코피,
378,해결사,어찌,
379,정보공개,고발,
380,소비자보호,아웃백,
381,정기적금,문화재,
382,기회균등,루머,
383,면제,다툼,
384,똑똑,낚이셨나,
385,꿀팁,연구개발,
386,우수수,뚝뚝,
387,쿠추카,이탈리아,
388,승승장구,도산,
389,재생에너지,짜증,
390,웃돈,헬스,
391,과기부,불가,
392,해피,비보,
393,성황리,철수,
394,비적정,영장,
395,가쟈,깜깜,
396,태양전지,폭풍성,
397,베단타,사별,
398,투자율,스트레스,
399,다양성,질타,
400,신종,어쩌다가,
401,재계약,개꼴,
402,베스트셀러,라헬,
403,영광,해고,
404,우승,보이스피싱,
405,김지원,불신,
406,특별상,법적대응,
407,면죄부,불명예,
408,합격자,답답,
409,대성공,개돼지,
410,수주로,혼동,
411,운송계약,안정호,
412,화답,골칫덩,
413,빛샘,손상처리,
414,특화망,아웃핏,
415,재능기부,우뚝,
416,출항,피해자,
417,이익공유제,재판매,
418,최우수,자만,
419,귀여미,덜덜,
420,일석이조,오해,
421,채택,세무조사,
422,우뚝,구속력,
423,청렴,편법,
424,조양호,배신자,
425,적정가격,사망자,
426,호화,폭로,
427,최우수상,지분매각,
428,상장회사,습격,
429,출발점,볼모,
430,도급계약,손실보상,
431,만족도,어닝쇼크,
432,럭셔리,하위,
433,공감,파산법,
434,손실보상,난항,
435,투자비법,불량,
436,해양에너지,주사기,
437,종합병원,무너뜨렸다,
438,정보보호,쓴맛,
439,상장법인,개미지옥,
440,하하,악의,
441,최고다,실업률,
442,퍼펙트,사용제한,
443,승리자,사망률,
444,꽃길,아웃도어,
445,빛바랜,최저임금,
446,추진제,주가조작,
447,정복,혼쭐,
448,적격,편안함,
449,진행형,쪽박,
450,결실,학대,
451,비정상,파산,
452,알뜰,폐쇄후,
453,비정상회담,대피소,
454,완공,불기소,
455,개꿀,속수무책,
456,퍼수익,굴욕,
457,천국,허상,
458,희망고문,구속영장,
459,보호수,조롱,
460,오픈마켓,발발,
461,면죄,추매,
462,정상영,지랄,
463,안전성,쯧쯧,
464,합병계약,어쩌,
465,중간배당,발악,
466,판매승인,불협화음,
467,대중화,재판소,
468,척척,시바,
469,최적화,징징,
470,만장일치,폐점,
471,최고경영자,좃됐네,
472,홈파티,악마,
473,우월,악순환,
474,해피엔딩,비활,
475,어메이징,미흡,
476,고지혈증,불완전,
477,호감,위험관리,
478,회계감사,전투,
479,판도,좃내,
480,풍력에너지,하이난항공,
481,계약설,불가사의,
482,정밀도,악질,
483,완승,시큰둥,
484,신주인수권,텅텅,
485,가계약,낙상,
486,웃음꽃,고난,
487,투자수익률,공소장,
488,신선,수사의뢰,
489,한빛,먹구름,
490,드가자,수렁,
491,오픈도어,분열,
492,합의금,감압,
493,희소식,절단,
494,보호자,폐쇄할,
495,전속계약,항의,
496,원조,동났다,
497,건강검진,긴장감,
498,우수상,결함,
499,정확도,무제한,
500,격상,헬라,
501,감사원,압수,
502,모락모락,대량학살,
503,진리,일장춘몽,
504,윤활,보릿고개,
505,권장,몰락,
506,햇빛,절망,
507,질병예방,폐쇄형,
508,행정안전부,테이크아웃,
509,김유리,관매도,
510,돌파구,부정선거,
511,황금알,학살,
512,강추,씹빠,
513,육개장,엿같,
514,정지원,안정국,
515,청력,구속기소,
516,지지도,소나기,
517,소비자보호법,압수수색,
518,알뜰살뜰,해임,
519,유리천장,민사소송,
520,정밀과학,함정,
521,지원이,결렬,
522,안양호,상폐사,
523,번지점프,당황,
524,양전,악법,
525,외국인투자,폭풍전야,
526,추추,신중,
527,구지원,결별,
528,추진단,피란,
529,등록증,인플레이션율,
530,인천국제공항공사,헬스사,
531,고지서,폐쇄시,
532,짜릿,진땀,
533,부적정,부숴,
534,개인정보,악몽,
535,옵션계약,무혐의,
536,보람,짝퉁,
537,반등쌔,밑바닥,
538,윤활유,서철수,
539,환경재단,헬멧,
540,칭찬,낭비,
541,완판소식,통곡,
542,훈풍타,개뿔,
543,공정거래법,초비상,
544,성장기,수상한,
545,모의투자,거품경제,
546,탁지지,워크아웃,
547,불건전,자금난,
548,재능,수난,
549,헛된희망,리베이트,
550,최고급,충격파,
551,계약해지,자극제,
552,우간다,감손,
553,안전지대,손절매,
554,개점휴업,자외선차단제,
555,참여연대,아웃룩,
556,존버해,거절,
557,파이팅,거짓,
558,윈윈,탈세,
559,혁신도시,과실,
560,황금기,조루증,
561,추모식,이중고,
562,에너지공학,전염병,
563,오르막,명암,
564,소망,죄악,
565,재출발,불매,
566,판유리,팔자주름,
567,희소가치,불매운동,
568,합병증,중과실,
569,모범생,외로워,
570,빅점프,부당행위,
571,평가자,먹튀,
572,알뜰폰,정신병,
573,엑셀시오르,뚝심,
574,주식공개,히스패닉,
575,황금낙하산,재정난,
576,포용,학폭,
577,물탄,좃됐,
578,상근감사,짱깨,
579,추모,깜빵가,
580,이혁진,자살골,
581,포지티브,폭발위험,
582,보증계약,존헬,
583,스페셜,감익,
584,회계감사인,정지원,
585,정성,모함,
586,매진,불법행위,
587,자유투,빌런,
588,횡보시작이구랴,푸대접,
589,적당,씹락,
590,유효수요,손절해,
591,자금지원,좆됫다,
592,미사일방어국,혹평,
593,건전,주가떡락할때,
594,참가자,망신,
595,생기,좃구,
596,강세정,우욱,
597,무진행,미선물씹떡락,
598,부적격,씨바,
599,탄생화,나락갔,
600,환경청,쭤에에엑,
601,달콤,개떡락중,
602,맹활약,안되겐,
603,물꼬,빠지겄,
604,콧노래,꼴찌,
605,꿀맛,무너,
606,동북공정,물량부담,
607,불이익,루이비통,
608,쓴웃음,공범,
609,설강화,감염병,
610,김진화,난감,
611,침착,킷헬,
612,고지전,진정서,
613,원격지원,엉망,
614,출자전환,경제개발,
615,서울특별시,쫄았다,
616,유리창,벌벌,
617,최대성,헬비,
618,강화유리,박봉,
619,에너지부,퉤퉤,
620,등록부,엿됐,
621,윈회복힌다,떡락하,
622,잔재미,탓임,
623,완성형,장애인,
624,인공호흡,인지장애,
625,종전,헬스장,
626,재탄생,전투기,
627,온라인수업,버버리,
628,비책,배신,
629,내부감사,좃끝은거,
630,분쟁해결,션찮다,
631,시원,불건전,
632,해피빈,사헬,
633,비합리적,몰수,
634,후광,금지법,
635,안전판,주저우,
636,정상용,균열,
637,환경공학,사기꾼,
638,홀렸다,성범죄,
639,아이큐점프,블랙아웃,
640,정상회담,계약해지,
641,간호조무사,대지진,
642,인생역전,난제,
643,변천사,떡락중,
644,저렴,권고사직,
645,도움닫기,패가망신,
646,혁진,과로사,
647,첫사랑,헌법재판관,
648,등록금,착취,
649,상승기류,털껄,
650,활력소,팔껄,
651,골든타임,공포영화,
652,오픈소스,쳐맞다보닌까,
653,공개시장,낚였다,
654,무인기,손절후,
655,자유무역,떡락할땐,
656,경쟁우위,음전,
657,교통안전표지,헛탕친,
658,수상작,수색,
659,완판녀,아픔,
660,심진화,중독,
661,합의각서,정신분열증,
662,보호관찰,흐흑,
663,눈웃음,산사태,
664,월척,폭망,
665,한미정상회담,씹떡락중,
666,고품격,던지기,
667,진행자,좌초,
668,강화도,헬지,
669,괴롭힘,쌈질,
670,발대식,샛기,
671,이익단체,씹떡락,
672,곽종호감소곽종윤,제기랄,
673,헤헤,이의신청,
674,존버한다,불참,
675,가석방,헬러,
676,오르락,징크스,
677,감사패,빌헬미나,
678,극한환경,급랭,
679,치유,불청객,
680,수의계약,겹악재,
681,생활환경,영장류,
682,명불허전,취약성,
683,주민등록,불통,
684,오픈베타,적폐,
685,인증샷,감빵,
686,특례상장,개털,
687,존버감,빰맞았,
688,무르익는,어쩌구,
689,에너지국,꼬꾸,
690,투자족,에궁,
691,달빛조각사,악제,
692,참빛,볘락,
693,분노의질주,어짜까,
694,현물출자,더빼,
695,수익권,털털,
696,저가항공사,속병,
697,구원,옘병,
698,희망리,참사,
699,어울림,혐오,
700,쩐다,이혼,
701,정신건강,죄송,
702,방어율,크흐흑,
703,희망사항,금융긴축,
704,성큼성큼,정지우,
705,물꼬트,헬로,
706,취득시효,중고생,
707,개인기업,노심초사,
708,미등록,증오범죄,
709,염증성장질환,추풍낙엽,
710,특별사면,쭈우욱,
711,제성공,지하가,
712,훈풍불자,궁지,
713,내부수익률,자금지원,
714,궤도진입,평가절하,
715,상장협,자폐증,
716,성낙수,꼼수,
717,문제해결,색기,
718,개쩌,저조,
719,유인수,헬리콥터,
720,개꿀팁,북극성,
721,건전지,부정지,
722,최대한,싸움터,
723,오픈런,지하차도,
724,무한도전,불평,
725,자유여행,정지인,
726,슈로더투자신탁운용,개스피,
727,감탄,장애물,
728,과기대,설상가상,
729,통합인증,악재속,
730,미완성,어쩌려,
731,대승리,폐쇄하,
732,임지원,인적자원,
733,건강미,사전투표,
734,천스탁,쇼크웨이브,
735,빅세일,불가결,
736,퍼올랐,이충동,
737,오래오래,대약진,
738,교육지원청,뚝딱,
739,감사원장,이해충돌,
740,정성한,보안취약점,
741,안전교육,음전하,
742,불합격,폐차,
743,모면,자격정지,
744,드가쟈,피토,
745,주가수익률,엎친데,
746,환호성,거짓말,
747,반상회,시노켐감소켐차,
748,정성근,자살,
749,고지원,파국,
750,렁치유,헛걸음,
751,자긍심,독박,
752,성장호르몬,선헬름,
753,계약해제,험담,
754,안전벨트,쑤레기,
755,동기부여,꼴등녀연,
756,박지원,시각장애인,
757,상장도,묵살,
758,경제성장,쫄보,
759,엄단,상폐빔,
760,풍요롭,자멸,
761,밑거름,악재땜,
762,에너지음료,뇌물,
763,웃음소리,빼뿌노,
764,속행,손절마렵,
765,오르넹,달바방신,
766,환경보전,축소도,
767,발기부전,빈번,
768,타락천사,접속장애,
769,뉴빛,락다운,
770,등록시스템,조소,
771,김사랑,비상교육,
772,특화샵,겁쟁이,
773,품격,비통,
774,풍요,솽마,
775,오른손,불법복제,
776,양전하,분쟁해결,
777,공공안전,독버섯,
778,정성민,아동학대,
779,천사,산아제한,
780,재개발조합,헬레,
781,정확,돈세탁,
782,남북정상회담,헬기,
783,상회사,사직서,
784,똘똘뭉친,개판,
785,오르바,신사고,
786,양지,윈헬스,
787,삘받았,잔인,
788,어깨춤,줄폐쇄,
789,은빛,옴짝,
790,얏호,시각장애,
791,자유시간,폐쇄될,
792,공정은,폐쇄될수,
793,보랏빛,바이아웃,
794,굴지,좟같,
795,극락,석사과정,
796,식품의약품안전처,재판관,
797,생체인증,애즈버리,
798,수상장,빈티,
799,장맛빛,쫌생,
800,환경법,도옴황챠,
801,오르다,헬쥐,
802,명장,섹키들,
803,오르가논,빠진느거,
804,오픈카,스캠,
805,최선영,핸드헬드,
806,빛과,화병,
807,혁신단,자진사퇴,
808,준보호,없쥬,
809,예방주사,시바개,
810,구사일생,손상수,
811,오픈월드,억울,
812,최선화,므론헬,
813,투자계획서,병목현상,
814,꼬리날개,남성혐오,
815,기지원,고충,
816,스페셜포스,떡락한거였,
817,바이오인증,답글돔황챠,
818,강골,어이쿠,
819,애정,비상구,
820,트랜디,금나와라,
821,존버가자,스감소디렉셔녈,
822,복구할런,정지선,
823,적격주주,스감소디렉셔,
824,인수위,개좝주,
825,무역흑자,빠가들,
826,미해결,골치,
827,환경문제,개떡락인교,
828,불빛,색키,
829,특별대우,똥덩어리,
830,개꿀띠,텔레헬스,
831,영광군,웬샹,
832,정확성,불평등,
833,스페셜올림픽,리커버리,
834,배정은,몹쓸,
835,안전모,곽종호감소곽종윤,
836,패자부활전,좃소,
837,지지마,깜빵보낸,
838,국정감사,완죤폭망,
839,지지리,사망유희,
840,자연환경,범죄수사,
841,특화평,무능력,
842,수익모델,공포증,
843,중호재,아웃스터,
844,성공사례,정지윤,
845,임기응변,호악재,
846,매출원가,과실주,
847,훈풍불까,현피,
848,구매력,손바닥,
849,전세계약,왜괴리,
850,정성태,캬악,
851,보호대,오빈티브,
852,배당락일,게임중독,
853,적격대출,시바견,
854,발사성공,손해사정사,
855,훈풍부,사과문,
856,배정수,윤리문제,
857,한빛원전,후진국,
858,예방프로그램,분노의질주,
859,공생,역효과,
860,최선일,절레절레,
861,방어선,매점매석,
862,자축,코나헬스,
863,무허가,주의자,
864,훈풍탔다,안깝칠,
865,스페셜리스트,지럴,
866,신종플루,쉑이들,
867,채무인수,실신,
868,신종태,쉐이들,
869,호재속,퇴각,
870,쌤빛,만행,
871,희망이,물량뺏기지맙시,
872,순항훈련,떡락한다,
873,에너지정책,헬로모바일,
874,완판구,이자제한법,
875,별빛,공황장애,
876,추수감사절,개샛낏,
877,고지도,조때뿟다조때뿟다,
878,베스트바이,악재겹,
879,선입선출,식중독,
880,추락천사,어둠,
881,골든게이트,문제해결,
882,썩쎄스,도산대로,
883,안전핀,헬름,
884,개꿀빠는국격,최빈국,
885,잿빛,급정지,
886,지식나눔,무기징역,
887,조명등,안정환,
888,틈새시장,개발도상국,
889,열중쉬어,조때뿌쓰,
890,정상진,쌍욕,
891,안전공학,망항,
892,임대차보호법,객관성,
893,개막식,결여,
894,지원기,대포통장,
895,특별자치도,무역적자,
896,개발이익,셀헬,
897,인수소송,건물붕괴,
898,플루오르,교통사고,
899,인기가요,악연,
900,국회통과,스헬스,
901,착수금,아뿔싸,
902,하지원,공적자금,
903,골든글로브상,똥깡쉐이들,
904,골든글로브,고헬스,
905,휴양지,주저,
906,주지원,흠칫,
907,불허가,공산주의,
908,재생기술,어거지,
909,정변,불쌍,
910,훈픙,병신,
911,배당락,몸부림,
912,김선진,공습,
913,민지원,사고력,
914,친절,걱정거리,
915,황금주,매도물량,
916,황금비율,노예,
917,달콤커피,돔황챠,
918,돌발행동,결항,
919,천운,약재,
920,썩쎄스로켓,폭풍우,
921,불만족,난파,
922,개인정보보호법,헌법재판소,
923,골든벨,콩고민주공화국,
924,고수익채권,사면초가,
925,생기지,횡포,
926,따땃,깡패,
927,개존버,틀때색기,
928,괜찬은,울고싶어라,
929,정성재,알거지,
930,빛속,대갈빡,
931,가쟈한강,신통찮,
932,헛웃음,퍽락한다,
933,역전승,과로,
934,추진기,헬시,
935,빛발,취소소송,
936,앤데믹,바보온달,
937,괜찬,개살구,
938,찬양,심정지,
939,정신승리,눈덩,
940,강세찬,자충수,
941,금빛,빠가사리,
942,안전띠,비상등,
943,정상구,우주전쟁,
944,비호감,뇌물수수,
945,보부상,괘씸죄,
946,존버가답,배반,
947,훈풍불다,배앓이,
948,푸른빛,임신중절,
949,자기방어,범인,
950,퍼오르,하급,
951,정상철,뇌손상,
952,채결,기상이변,
953,줄호재,신상털기,
954,존버했더,자연재해,
955,장지원,행정소송,
956,공지원,글렀어,
957,올킬,잔챙이,
958,정상원,자폐,
959,특별활동,털렷어,
960,흙빛,휴젤감소덱스레보,
961,가자잉,무능,
962,강존버,비정규직,
963,후반전,술고래,
964,특별항고,샛기들,
965,신규성,쫄아,
966,모락,하지맣,
967,신설동역,운지,
968,핫플,방해꾼,
969,짝사랑,폭탄주,
970,전인수,질색,
971,환경호르몬,악당,
972,부활절,괴짜,
973,재미동포,무식,
974,우승자,깝치,
975,조지원,시붜랄쉐기,
976,달빛,미끄럼틀,
977,오픈스택,환경보전,
978,무기대여법,피의자,
979,당진화력발전소,유괴,
980,골든골,청각장애,
981,수주고,심통,
982,최대현,수영장,
983,생명수,쉬벌,
984,특별인출권,혈세,
985,오픈워터,유나이티드헬스,
986,조명기구,폐허,
987,우승팀,음모론,
988,자유낙하,왕초보,
989,훈풍될까,가던트헬스,
990,건강악화,탈선,
991,정인기,친놈,
992,즐거움,엠뒤,
993,똘똘하,성폭력,
994,대체에너지,폭언,
995,파산보호,개색,
996,횡재,국가부도,
997,유정복,재개발조합,
998,넘궈보자,간첩,
999,사업수익,폐족,
1000,,똘끼,
1001,,브레이커,
1002,,공황,
1003,,꺼림칙,
1004,,쉬발,
1005,,교활,
1006,,셧다운제,
1007,,항공모함,
1008,,교통위반,
1009,,꼬장,
1010,,방사성폐기물,
1011,,싸가지,
1012,,생떼,
1013,,신경질,
1014,,낙담,
1015,,내부고발,
1016,,좆쿠,
1017,,암흑,
1018,,위태롭다,
1019,,사주팔자,
1020,,팔았슴,
1021,,전범,
1022,,대충돌,
1023,,빵점,
1024,,막말,
1025,,차단됨,
1026,,불가라,
1027,,화재보험,
1028,,강간,
1029,,좃문가들,
1030,,익사,
1031,,똥물,
1032,,다시깜방,
1033,,멱살,
1034,,화재원인,
1035,,상폐각,
1036,,약골,
1037,,쉬발쉐기들,
1038,,안되넹,
1039,,위태롭,
1040,,수면장애,
1041,,총파업,
1042,,헛빵,
1043,,뭐햐,
1044,,괴씸,
1045,,혼너,
1046,,느덜,
1047,,반칙,
1048,,음지,
1049,,사익편취,
1050,,소송도,
1051,,쿠테타,
1052,,고발장,
1053,,똥줄,
1054,,청천벽력,
1055,,불순,
1056,,환경문제,
1057,,국감,
1058,,콘감소웅,
1059,,게쉘키,
1060,,날조,
1061,,허위기사,
1062,,심약,
1063,,어처구니,
1064,,멍충,
1065,,얄짤,
1066,,손절침,
1067,,멍청,
1068,,전멸,
1069,,좃버,
1070,,단죄,
1071,,발달장애,
1072,,비버리힐즈,
1073,,체크아웃,
1074,,런런런,
1075,,조정호,
1076,,헝다사태,
1077,,짐꾼,
1078,,성희롱,
1079,,띨띨,
1080,,능욕,
1081,,홉슨개발,
1082,,핑안헬,
1083,,쉑들,
1084,,어리석음,
1085,,여론조작,
1086,,대공황,
1087,,핵폭탄,
1088,,삼중고,
1089,,부족함,
1090,,언론플레이,
1091,,물국감,
1092,,헬케,
1093,,직격타,
1094,,매몰비용,
1095,,적패,
1096,,중악재,
1097,,멍청이,
1098,,숙청,
1099,,고민정,
1100,,위험수위,
1101,,지분매도,
1102,,판매정지,
1103,,멸종위기,
1104,,숏충,
1105,,대표소송,
1106,,무분별,
1107,,비상발전기,
1108,,털린,
1109,,시바이누,
1110,,취약점,
1111,,불가리아,
1112,,퇴행,
1113,,내부고발자,
1114,,쥐똥,
1115,,악황,
1116,,우주쓰레기,
1117,,주거지역,
1118,,볼멘소리,
1119,,빅스텝,
1120,,부분파업,
1121,,못마땅,
1122,,침울,
1123,,리빙앤헬스,
1124,,은폐,
1125,,헬퍼,
1126,,곤경,
1127,,근무시간,
1128,,침공,
1129,,공격수,
1130,,추락천사,
1131,,헬스요금,
1132,,짓밟힌,
1133,,면직,
1134,,수요충격,
1135,,미개발,
1136,,행정지도,
1137,,주철수,
1138,,출렁거렸,
1139,,밑장빼기,
1140,,놓첬다,
1141,,소송대리인,
1142,,무너뜨릴것,
1143,,경제위기,
1144,,개발이익,
1145,,인수소송,
1146,,불행,
1147,,무너뜨릴수,
1148,,떡락장,
1149,,정지호,
1150,,불확,
1151,,넷감소엔텔스,
1152,,끗물,
1153,,쌔기,
1154,,정지궤도,
1155,,헬시플,
1156,,분쟁광물,
1157,,불구속,
1158,,패싸움,
1159,,멸망,
1160,,스감소맷,
1161,,경악,
1162,,안정은,
1163,,불가항력,
1164,,공격대,
1165,,잿밥,
1166,,격하,
1167,,서킷브레이커,
1168,,물기둥,
1169,,무섭겡,
1170,,불만족,
1171,,물량폭탄,
1172,,터트려,
1173,,무장애,
1174,,강제집행,
1175,,주털렷,
1176,,사고사,
1177,,낙석,
1178,,로그아웃,
1179,,오해경,
1180,,게임개발사,
1181,,공습경보,
1182,,지옥문,
1183,,청년실업,
1184,,비파괴검사,
1185,,이기주의,
1186,,러감소우크,
1187,,울렁증,
1188,,험난,
1189,,비상조치,
1190,,조정권,
1191,,사기죄,
1192,,떡락빔,
1193,,지랄병,
1194,,배임죄,
1195,,앙꼬빠진,
1196,,반대론,
1197,,웍스감소알루,
1198,,어뜨케,
1199,,쯔쯧,
1200,,패착,
1201,,진절머리,
1202,,오일쇼크,
1203,,정지희,
1204,,헬스닥,
1205,,숏충들,
1206,,정신승리,
1207,,헬스피,
1208,,반칙왕,
1209,,음산,
1210,,도피,
1211,,성병,
1212,,마약밀매,
1213,,불뚝,
1214,,반대편,
1215,,별문제,
1216,,루엠헬,
1217,,텔라독헬스,
1218,,대공포,
1219,,참극,
1220,,사이버공격,
1221,,개똥주,
1222,,종말론,
1223,,똥방,
1224,,전쟁영화,
1225,,삐웅신누,
1226,,쫍밥,
1227,,퇴출위기,
1228,,드감소엠,
1229,,구속집행정지,
1230,,불안도,
1231,,사이버전쟁,
1232,,비상근,
1233,,헬륨,
1234,,핵전쟁,
1235,,석유파동,
1236,,카브아웃딜,
1237,,부담부증여,
1238,,군사기지,
1239,,돈못버는,
1240,,폐쇄성,
1241,,빼다꼼블리,
1242,,상술,
1243,,정리해고,
1244,,거덜,
1245,,꼴깝,
1246,,한탄,
1247,,짠물,
1248,,멸렬,
1249,,조정제,
1250,,실업난,
1251,,사적자치,
1252,,페쇄,
1253,,헬시플래저,
1254,,부당거래,
1255,,체포영장,
1256,,전쟁사,
1257,,물렸슴다,
1258,,악재떳는데,
1259,,우감소러,
1260,,독살,
1261,,범죄자,
1262,,전쟁범죄,
1263,,보전처분,
1264,,금지명령,
1265,,남탓,
1266,,비운,
1267,,이털리,
1268,,쫄지들,
1269,,병설,
1270,,부분열,
1271,,뱀헬,
1272,,부주의,
1273,,안정감,
1274,,사고방식,
1275,,쯔쯔가무시,
1276,,헬로키티,
1277,,런던지하철,
1278,,어쩌겠,
1279,,식은땀,
1280,,추락사고,
1281,,더헬,
1282,,창피해,
1283,,성범죄자,
1284,,줄악재,
1285,,밟힌,
1286,,핵폐기물,
1287,,제민헬스,
1288,,아웃렛,
1289,,사임팸,
1290,,모래폭풍,
1291,,스코넥감소루,
1292,,윤재앙,
1293,,자리다툼,
1294,,부정맥,
1295,,사기혐의,
1296,,민족주의,
1297,,개엿같,
1298,,건강악화,
1299,,불확싱설,
1300,,조그만,
1301,,바닥재,
1302,,툴젠감소엠,
1303,,탄식,
1304,,어쩌면,
1305,,활동중단,
1306,,해체설,
1307,,파산보호,
1308,,고통지수,
1309,,헬화좀,
1310,,출국금지,
1311,,냉담,
1312,,똥멍청,
1313,,상팔자,
1314,,약체,
1315,,탈락자,
1316,,자기개발,
1317,,홈헬,
1318,,감익폭,
1319,,조소영,
1320,,부정행위,
1321,,삼진아웃,
1322,,필패,
